{"cameraMode":{"drawMode":0,"name":"Shaded","section":"Shading Mode"},"sceneLighting":true,"audioPlay":false,"sceneViewState":{"m_AlwaysRefresh":false,"showFog":true,"showSkybox":true,"showFlares":true,"showImageEffects":true,"showParticleSystems":true,"showVisualEffectGraphs":true,"m_FxEnabled":false},"in2DMode":false,"pivot":{"x":31.962154388427736,"y":-17.087800979614259,"z":-29.70498275756836},"rotation":{"x":0.19583553075790406,"y":-0.4414013922214508,"z":0.09935013204813004,"w":0.8700324296951294},"size":31.117835998535158,"orthographic":false}