{"cameraMode":{"drawMode":0,"name":"Shaded","section":"Shading Mode"},"sceneLighting":true,"audioPlay":false,"sceneViewState":{"m_AlwaysRefresh":false,"showFog":true,"showSkybox":true,"showFlares":true,"showImageEffects":true,"showParticleSystems":true,"showVisualEffectGraphs":true,"m_FxEnabled":false},"in2DMode":false,"pivot":{"x":-0.29794859886169436,"y":3.1751155853271486,"z":1.2679481506347657},"rotation":{"x":-0.23307707905769349,"y":0.04548852890729904,"z":-0.01091726217418909,"w":-0.9713471531867981},"size":10.354665756225586,"orthographic":false}